text,label
一年を通してフルーツ・野菜の収穫体験ができ、この時期はサクランボ狩り（5月～6月）や桃狩り（7月～8月）のシーズンに。施設内には、新鮮果実のスイーツを味わえるカフェも併設。,恋人
琵琶湖西岸の舟木崎に湧く温泉で、アイドルとしても活躍する女将がおもてなし。天然保湿成分とも言われるメタケイ酸や、鉄分、炭酸を豊富に含む良質な湯を、竹林に囲まれた貸切露天風呂で満喫。昨年新設のバレルサウナにも注目。,恋人
京の奥座敷・大原で、こだわりの自家製味噌を使った昼食と日帰り入浴をセットで。初夏は鮎のしゃぶしゃぶがイチオシ（要予約・事前入金制）。鮮やかな新緑と隣り合わせの露天風呂も楽しんで。,恋人
文珠山の山上にある遊園地。ここの名物といえば、天橋立を天地逆さに眺める「股のぞき」。まるで龍が天に昇るような姿から「飛龍観」とも呼ばれる。1つの絶景を二度楽しんで。,恋人
日本海を一望できる高台に、6世紀末～7世紀初頭にかけて築かれた13基の横穴式石室墳からなる古墳群。眼下の海に浮かぶ高さ20mの巨大な一枚岩「立岩」も必見！,恋人
夕日ヶ浦海岸の砂浜に設置されたフォトジェニックなブランコ。波音を聴きながら、刻々と移ろう空と海を眺め、マジックアワーを楽しんで。海水浴シーズン前の初夏は静かで狙い目。,恋人
農業生産が盛んな南河内エリアに位置。中核となる「ビジターセンター」には物産店やベーカリーカフェを備える。新鮮野菜を使った惣菜が食べ放題となる地産地消ビュッフェも要チェック！,恋人
近隣地域からの新鮮な農産物が集まる「地場産品販売所」では、50種以上が並ぶ焼きたてパンにも注目を。「和泉みかん」を使用した加工品も幅広くラインナップ。,恋人
大阪市内からわずか30分の、自然豊かな伏尾温泉の一軒宿。気軽な日帰りプランが好評で、中でもイチオシは、広々としたお部屋で客室露天風呂と食事を存分に楽しめる贅沢な3時間コース。夏は旬の鱧料理も登場。,恋人
有馬温泉と六甲山頂を12分で結ぶロープウェー。四方がガラス張りのゴンドラで新緑の谷を見下ろす空中散歩を。車体谷側に設けられた展望シートに座れば風景がより間近に感じられる。,恋人
六甲山上にある、音×自然をテーマにしたミュージアム。緑に囲まれた透明の「SIKIドーム」は、最大5時間貸切利用できる魅惑の空間。靴を脱いでゴロンとリラックス,恋人
「地産地消を遊ぶ」をテーマに、農家直送の野菜やフルーツを買ったり味わったりできる複合施設「FARM CIRCUS」が中心。これからの季節は、周辺特産の色鮮やかなトマトが主役食材に。,恋人
大阪湾を借景に広がる約15haの花畑では、海と空と繋がるような雄大な花景色に出会える。時期ごとにリレー咲きする花を愛でながら、大自然の中で心を解きほぐして。,恋人
2023年3月一時移転。淡路島南端の道の駅が改修で2025年春まで近くの丘に移転。島グルメやお土産も引き続き販売中。,恋人
白雲谷池に面した「水辺の湯」の露天風呂は180度ビューで爽快。視界を遮るものがない湯船に浸かれば、湯面とひと続きかのようなエメラルド色のレイクビューが眼前に広がる。池を望むサウナも人気。,恋人
明石海峡公園内の複合型温泉リゾート。インフィニティ温泉「伊弉冉の湯湯」は、水着や湯浴み着着用なので友人やファミリーで満喫！泉質はナトリウム塩化物泉で、湯上がり肌の潤いを保つ効果があるという。,恋人
淡路島の美味しいものをギュッと集めた複合施設。スイーツ店、パスタ店のほか、特産の玉ねぎ専門店も！多い時には約8種の品種が並ぶほか、ご当地ビール、ドレッシングなども販売。,恋人
香りにまつわる体験が充実するスポット。「ボタニカル香水」作りは、植物由来の24種の精油から好きな香りをブレンドする調香体験。ほか、ドライフラワーをオイルで閉じ込めるハーバリウムも。,恋人
断崖の岬にある展望台からは、雄大な海と香住湾に浮かぶ島々の大パノラマ。「日本の夕陽百選」にも選定された地で（2005年7月登録）、春～秋は目の前の海に沈む夕日が圧巻！,恋人
信貴山の麓の温泉宿。桜の名所とあって、初夏は露天風呂を囲むソメイヨシノなどの木々が爽やかな緑一色に。保湿効果が期待できるメタケイ酸を多く含む湯が、肌をやさしく包み込んでくれる。,恋人
「花の御寺」として知られる寺院。初夏には10種3000株のあじさいが園内を彩り、幻想的な雰囲気に。期間限定で「あじさい切絵御朱印」1000円も登場（5月25日～7月7日）,恋人
ススキで有名な曽爾高原の麓。中腹に立つ「木の浴室」の露天風呂からは、兜岩や鎧岩など標高900m級の山々を一望。緑の絨毯に覆われた草原を望む「石の浴室」とで、男女週替わり制。重曹成分を多く含む美人の湯としても評判。,恋人
広大な吉野エリアのポータル的存在で、直売所には吉野葛や柿の葉寿司といった特産品が数多く並ぶ。定食から甘味まで幅広く揃ったレストランもリピーター多し。,恋人
約25.5haの広い敷地内に、青果やオリジナル商品を購入できる「水の市場」、料理研究家・飯島奈美さんがメニュー監修を行った「火の食堂」など多彩な施設が並ぶ。,恋人
2023年9月オープンの新施設。果樹栽培が盛んな土地だけに、冬の柑橘類以外にも四季折々のフルーツを豊富にラインナップ。水産会社直営の飲食コーナーもあり。,恋人
深い山々に囲まれた有田川の名勝「明恵峡」にあり、紀州材を使ったシックな外観が目印。海抜100mの高台に位置する露天風呂に浸かれば、山々が織りなす美景をぐるりと一望。満天の星が眺められる夜の入浴もおすすめ。,恋人
河原から湯が湧き出ることで有名な川湯温泉。こちらの宿には専用の河原露天風呂があり、館内から直接アクセスOK。川魚をはじめ地産食材を使った料理も絶品。,恋人
高さ50mほどの断崖絶壁が南北約2kmにわたって続く。荒々しい自然美と大海原との競演を楽しみたいなら、高台に設けられた展望台からがおすすめ。,恋人
名勝・三段壁の直下にある洞窟で、平安時代に熊野水軍の船の隠し場所だったと伝わる。打ち寄せる波しぶきは迫力満点。,恋人
風光明媚な円月島を眺めながら無料足湯でひと休み。近くで湧出する塩化物泉（加水）が贅沢に放流式で注がれている。,恋人
白浜のシンボル的存在で、まっ白な砂浜が約620mにわたり続く。浜辺に沿ってヤシの木が並び、リゾート感満点。,恋人
悠久の歴史を誇る古湯で「日本書紀」や「万葉集」にもその名が記されている。岩場を使った浴槽のすぐそばまで荒波が打ち寄せ、自然の雄大さを体感しながら湯浴みができる。,恋人
落差133mを誇る大滝で、日本三名瀑の一つ。滝そのものが熊野那智大社の別宮・飛瀧神社の御神体となっており、滝つぼ近くには朱塗りの拝所舞台（参入有料）が設けられている。,恋人
那智山の中腹に位置。境内から一望できる「那智の滝」への自然崇拝が神社の起源とか。,恋人
4頭のジャイアントパンダをはじめ約1600頭の動物が暮らす。サファリや遊園地もあり1日掛けて遊び尽くしたい。,恋人
都内のオシャレスポットとして知られるお台場。昼でも夜でも新たな一面を垣間見れて楽しむことができます。昼は、お台場の海辺を眺めながら、ふたりで仲良くおいしいランチを召し上がってください。夜は美しい夜景を見れるのがポイント。フジテレビを背に輝くレインボーブリッジ、お台場海浜公園の象徴とも言える自由の女神など、東京ならではの光景を存分に味わえます。海を挟んで目の前に大きく広がる夜景は、息をのむほどの絶景です。,恋人
奥多摩エリアは、東京とは思えないほど豊かな自然に恵まれたエリア。奥多摩湖をはじめ、鍾乳洞や渓谷が点在。夏は、水遊びやバーベキューを楽しんだり、秋は紅葉を楽しんだり、季節によって違った楽しみ方で過ごすことができます。,恋人
"東京都の天然記念物で、総延長約1,270mの鍾乳洞。関東屈指の大きさを誇り、白衣観音や縁結び観音、音を楽しむ水琴窟、金剛杖などの奇岩をはじめ、数十万年の歳月が形作った自然の造形が広がります。洞内は年間を通じて約11度の気温で、夏は涼しく、冬は暖か。夏場に訪れる場合には、上着を1枚もって行くのをお忘れなく。周辺は道幅が狭いため混雑することも少なくありません。午前の早い時間に向かうののがおすすめです。",恋人
迫力ある巨岩・奇岩が並ぶ渓谷。周辺には遊歩道が整備されており、自然を満喫しながら散策が楽しめます。ビュースポットも多く、特に鳩ノ巣小橋からの眺めは必見。周辺にはバンガローやキャンプ場が点在し、夏のレクリエーションや秋の紅葉スポットとしてもおすすめです。,恋人
東京都と山梨県の4つの町にまたがる人造湖。桜や紅葉など四季折々の美しい景色を堪能したり、奥多摩名物の1つ、ドラム缶橋を歩いてみるのもおすすめです。近くには「奥多摩水と緑のふれあい館」もあり、奥多摩の自然や歴史、民俗について学べます。,恋人
多摩川の支流の中で最大の川。檜原村村内を流れる北秋川・南秋川はアユやヤマメ、セキレイなどの姿も見られ、キャンプやバーベキュー、川遊びが楽しめる場所も点在。新緑や紅葉など四季折々の自然が美しい景勝地でもあり、滝や巨岩など見どころも多くあります。,恋人
秩父多摩甲斐国立公園に属し、山々に囲まれ自然美豊かな場所に位置する湯処。アルカリ性単純硫黄温泉で、男女共に、内風呂、露天風呂、水風呂が1ヶ所ずつあります。施設内には、レストランの他、新鮮な朝採り野菜やバラエティ豊かな特産品などが並ぶ販売所や無料の足湯も併設。日帰り温泉だけでなく宿泊も可能です。,恋人
神奈川県の南部、東京湾と相模湾の間に位置する三浦半島。海岸線が入り組み、浜辺のエリアと岩場のエリアが繰り返し続いています。三浦海岸をはじめとする複数の海水浴場を有し、半島の先端には城ヶ島が広がっています。海沿いの道路も爽快なエリア。,恋人
観音崎のほぼ全域が「観音崎公園」。園内のいたるところから東京湾の海風景が楽しめます。かつて東京湾防備の要塞地帯であった為、各所にの砲台跡が残り歴史的遺構を巡りながら自然散策が楽しめます。灯台見学や「花の広場」でアジサイやヒマワリなど季節の花を楽しんだり、アート情報サイトが選ぶ「絶景美術館トップ5」にも選出された横須賀美術館に立ち寄るのもおすすめです。,恋人
三崎のマグロをはじめ、旬の魚介類や野菜などを販売する産直センターが入るマルシェを中心に憩いのスペースが設けられています。手軽に海中散歩が楽しめる観光船「にじいろさかな号」では、船上からカモメ達を眺めたり、船に集まる魚達を水中の窓から観察できます。エサやり体験もあるので是非チャレンジを。施設周辺には、三崎名物のマグロを味わえる飲食店も充実しているのでランチに立ち寄るのもおすすめです。,恋人
三浦半島の先端に位置し、城ヶ島大橋を渡って向かいます。城ヶ島には県立城ヶ島公園、城ヶ島灯台、ウミウ展望台、馬の背洞門、白秋記念館など見どころが沢山。南西の海岸は奇岩の磯があり、磯釣り場としても人気です。また、水仙の名勝地としても有名で、毎年1月頃には約30万本の水仙が咲き誇り「水仙まつり」も開催されます。,恋人
森戸海岸南側の岬に建つ源頼朝により創建された神社。葉山の総鎮守として800年以上の歴史をもち、開運厄除や良縁、子授、商売繁昌、技芸上達にご利益があるといわれています。神社裏手からは、名島の赤い鳥居と葉山灯台（裕次郎灯台）が見渡せます。ここから眺める美しい夕景は、かながわの景勝50選に「森戸の夕照（せきしょう）」として選定されています。,恋人
静岡県の東部、駿河湾と相模湾の間に位置する伊豆半島。熱海・伊豆エリアは海沿いをとおる国道135号で巡れます。ドライブ好きなら行きと帰りでコースを変えて、伊豆半島の尾根を縦走する「伊豆スカイライン」を走るのもおすすめ。駿河湾、霊峰富士、相模湾などを眺めながら、開放感満点のドライブが楽しめます。,恋人
"平安初期の征夷大将軍・坂上田村麻呂が戦の勝利を祈願したという、由緒ある神社。見どころは、本殿裏にある樹齢約2,000年を誇る大楠。周囲約24mの迫力で、一周すると寿命が一年延びると伝えられています。縁結びや禁酒、商売繁盛などにご利益があるともいわれ、パワースポットとしてもその名を知られています。",恋人
相模湾一望する錦ヶ浦の高台、約20万坪に世界中から集められたバラやハーブや四季折々の花々に彩られた13のガーデンが広がります。ハーブなどの自然素材を使用した手作り体験や隈研吾氏が設計のカフェ“COEDA HOUSE”から抜群の眺望を楽しんだりと様々な楽しみ方ができるスポット。,恋人
伊豆半島の玄関口、伊東温泉の入口に位置し、相模湾を一望できるスポット。観光案内所があり、土産店やレストランが並びます。遊覧船の乗り場や立ち寄り天然温泉「シーサイドスパ」、無料の足湯コーナーもあり、ドライブ休憩にぴったりです。,恋人
"伊東八景のひとつ、城ヶ崎海岸。約4,000年前に大室山の噴火によって流出した溶岩の末端が美しい断崖絶壁となった溶岩岩石海岸です。海岸沿いは城ヶ崎ピクニカルコースや、城ヶ崎自然研究路があり、散策も楽しめるスポット。晴れた日には、伊豆七島や天城連山の峰々を望むことができる「門脇灯台」や断崖絶壁にかかる吊り橋「門脇吊橋」はデートにもぴったり。",恋人
ドライブデートの立ち寄りスポットとして、おすすめの日帰り温泉。赤沢日帰り温泉館では、空と海と湯舟が一体に見える眺望抜群の大露天風呂をはじめ、ジャグジー、寝湯、ジェットバス、2種類のサウナを完備。館内には、約100畳の広さのお休み処やタイ古式マッサージなどの癒し処の他、レストランも併設されており、ゆっくりと寛ぐことができます。また、敷地内の別棟には宿泊施設もあります。,恋人
房総半島 内房エリアは東京湾に面し、全長15.1kmの東京湾アクアラインが川崎と木更津を約15分で結び都心からのアクセスが便利なエリア。木更津JCTで、館山自動車道や首都圏中央連絡自動車道（圏央道）に接続しており、半島の内陸部や南房総方面に向かうことができます。,恋人
2022年に開通25周年を迎えた東京湾アクアライン上にある海上パーキングエリア。1～3階は駐車場、4階、5階にはレストランやカフェ、土産店の他、東京湾を眺める無料の足湯スポットやオーシャンビューの休憩所、幸せの鐘、タイムカプセルポストなど休憩を楽しめる設備が充実。展望デッキは夜景スポットとしても人気です。,恋人
春は芝桜やチューリップ、夏はひまわり、秋はコキアやコスモなど約20種の花々が次々に季節を彩り、冬は日本夜景遺産にも認定されたイルミネーションも開催。関東最大級のパターゴルフコースや芝そりゲレンデなどの遊べる設備が充実し、ふれあいが楽しめる動物園や椎茸狩りやみかん狩りなどの収穫体験（夏季以外）も楽しめます。広い園内は各所に駐車場が設けられているので車で移動可能。,恋人
約250ヘクタールの広大な敷地で、牛、馬、羊、アルパカなど沢山の動物との触れ合いが楽しめます。餌やりや乳しぼり体験のほか、陽気なガイドとトラクタートレインで巡るマザーファームツアーも開催。7月～9月までは約2万株のペニュチアがピンク色の絨毯のように広がり、秋にはコキア紅葉し、斜面を真っ赤に染め上げます。生乳をたっぷり使用した牧場ソフトクリームや創業以来から人気のジンギスカンもおすすめ。,恋人
眼下には東京湾、晴天時には富士山まで眺める鋸山。古くから房州石の産地で、山頂から南斜面を境内とする10万坪余りの日本寺には、大仏（薬師瑠璃光如来）や千五百羅漢石像群、石切場跡に彫刻された約30mの百尺観音、スリル満点の地獄のぞきなどの見どころが沢山。山頂付近までは、登山自動車道（有料）もしくは、鋸山観光自動車道（無料）もしくは、ロープウェーで向かうことができます。,恋人
南房総から外房にかけてのエリアは太平洋に流れ込む暖流（黒潮）の影響をうけ千葉県の中でも特に温暖な気候。約46㎞続く房総フラワーラインは1月から春にかけては菜の花やポピー、夏はマリーゴールドなど、季節の花々が道沿いを彩ります。伊戸から相浜までの約6kmは「日本の道100選」にも認定されており、ドライブにおすすめ。,恋人
房総半島最南端の地、野島崎。白亜の野島埼灯台に中心にひとまわり約20分の散策道が整備されています。灯台は螺旋階段で上ることができ、展望台から太平洋の雄大な景色が望めます。また、野島崎の先端にはラバーズベンチが設置されており、この特等席から眺める景色もおすすめ。朝日や夕日の時間帯は特に美しく、空のグラデーションとキラキラと輝く海が絶景です。足元に注意は必要ですが、夜に星空を眺める,恋人
"「海の世界との出会い」をコンセプトにした、太平洋を目の前に望む水族館。川の源流から北極・南極の海の世界まで、自然環境をリアルに再現した展示環境で、約800種1万1,000点の川や海の生き物たちに出会えます。特に、海の王者シャチをはじめ、ベルーガやイルカ、アシカのクオリティの高いパフォーマンスは一見の価値あり。",恋人
勝浦市鵜原地先の一帯は勝浦海域公園に指定されており、その中心となる施設として東洋一の規模を誇る海中展望塔（高さ24.4m、水深8m）が沖合い約60mの位置にたっています。暖流と寒流が交わる海域で、海中展望室から観察できる魚や海草は種類豊富。海上展望室からは、太平洋の大海原と水平線を見渡し、陸側には入り組んだ岸壁と老松の美しい鵜原理想郷や丘の上に立つ勝浦灯台を眺めることができます。,恋人
SNSで話題になり、人気のスポット「濃溝の滝（亀岩の洞窟）」。光の反射が美しい時期は、春先や秋の早朝。洞窟の右側から光が差し込みハート型に輝く様子は特に幻想的。洞窟への光の差し込みが無くても、水面に木々が写りこみむ様子は美しく、1周約700ｍの遊歩道も整備されているので散策も楽しめます。6月後半から7月中旬の夕べにはヘイケボタルを観賞することもでき、秋は紅葉鑑賞にもおすすめ。（2023年7月現在、崩落の危険がある一部の区域については立入禁止）,恋人
成田エリアの王道観光地、成田山新勝寺。迫力ある御護摩祈祷に参加したり、境内の散策は見ごたえたっぷり。成田から江戸の面影を残す佐原へ向かい観光するのも情緒がありますが、ドライブを楽しむなら銚子方面へ向かい大自然の絶景を楽しむのがおすすめです。,恋人
"関東三大不動のひとつであり、年間約1,000万人の参詣客が訪れる真言宗智山派の大本山。弘法大師が敬刻開眼した不動明王をご本尊とし、境内には江戸時代に建立された三重塔など、国指定重要文化財5棟をはじめとした見どころも多彩。平安時代には将門の乱を収束させたという霊験あらたかな御護摩祈祷は、開山以来、毎日行われています。参拝の際には、参道の食事処で名物の鰻を味わうのもおすすめ",恋人
高さ約60m刑部岬の断崖絶壁の上に建つ展望台。西に九十九里浜の湾曲した長い海岸線、東に「東洋のドーバー」といわれる屏風ケ浦の景観を一望することができる絶景スポットです。刑部岬からの眺望は「日本の夕陽百選」「日本の朝日百選」「日本夜景100選」「日本夜景遺産」「ちば眺望100景」に選定されています。,恋人
屏風ケ浦は、長年の海水の浸食によって形成された約10kmもの断崖絶壁。雄大なスケールで、その美しさはドーバー海峡の白い壁にも匹敵すると言われています。2016年は国の名勝と天然記念物にも指定され、過去には映画やテレビドラマ、CMの撮影スポットにも登場している景勝地。隣接する銚子マリーナ海水浴場から遊歩道が続き、間近に観察しながら迫力満点の絶景が楽しめます。,恋人
関東最東端にある「犬吠埼」太平洋に突き出た周囲500m程の岬。山頂・離島を除き“日本で一番早く初日の出”を見ることができるスポットです。雄大な大海原と磯に砕ける波、白亜の犬吠埼灯台のコントラストが朝陽に染まって浮かび上がる様は荘厳な美しさ。犬吠埼灯台の入り口には、珍しい白亜の郵便ポストがありここから手紙を投函すると灯台印の消印を押してもらえます。,恋人
1994年11月にオープンした自然史博物館。常設展のほか、趣向を凝らしたさまざまな企画展も実施されています。専用のスマホアプリを通して展示情報が得られるシステムを導入。画像や音声つきの解説が受けられ、より手軽に理解が深められるようになりました。,子連れ家族
動物とのふれあいやクラフト体験などができる農業体験型の公園。広い園内にはアスレチックや夏季限定の水遊びができるスポットも。2018年には園内に「シルバニアパーク」がオープンし、ますます人気を集めています。,子連れ家族
軽井沢おもちゃ王国では、数多くのおもちゃが展示されたテーマパークで、子どもたちの創造力や想像力を刺激するさまざまな体験も用意されています。展示では、11館ある建物に世界各国のおもちゃが収蔵され、軽井沢の自然の中で「森のアスレチック」や渓流釣り」などのアクティビティも楽しめるスポットです。,子連れ家族
東武ワールドスクウェアは、栃木県にあるミニチュアパークであり、世界各地の有名な建築物や観光名所を、1/25のスケールで再現しています。その数は東武（とうぶ）にちなんで102点。園内には身長7cmの小さな人間たちが住み、その人口はなんと14万人（体）。エッフェル塔やピサの斜塔などの世界各国の建築物に加え、日本国内からも東京スカイツリーや姫路城などが展示されています。また展示物の周りには、その国や地域らしい風景や街並みを再現したジオラマも設置されており、一つ一つの展示物だけでなく、周囲の景色も楽しめます。,子連れ家族
江戸時代の宿場町を雰囲気を再現したテーマパークです。パーク内には、江戸時代の家屋や商店、芝居小屋、神社など、当時の建物が多数再現されています。街並みだけではなく、物売りの声など賑わいや雰囲気までも再現。そして芝居小屋ではおいらん劇や時代劇コメディが繰り広げられ、忍者たちも大活劇を見せてくれるなどのイベントが開催されています。,子連れ家族
那須ハイランドパークは、自然豊かな高原リゾートにある遊園地です。遊園地のアトラクションのほかに渓流での魚釣りや足なども楽しめます。アトラクションには大観覧車やミニトレイン、立体迷路などといった親子で楽しめるものが約40種あり、季節毎にさまざまなイベントを開催。オフィシャルのホテルやキャンプ場も完備しており、,子連れ家族
那須どうぶつ王国は、栃木県那須町にある動物園です。約150種600点の動物を飼育し、驚くほど間近で動物たちを見ることができます。体験イベントではペンギン、アザラシ、アルパカ、ヒツジ、水鳥などへエサを与えることができ、貴重な触れ合いを楽しめます。ほかにはタカ、ワシ、ミミズク、ヨウム、インコなどのバードパフォーマンスというイベントを開催。また屋根付きの通路でほぼすべての屋内施設とつながっており、雨の日でも両手が空いた状態で、動物を見ることができます。,子連れ家族
間々田八幡宮で毎年5月5日の子どもの日に開催される祭り。長さ15m以上の巨大な蛇体を担いで町中を練り歩きます。国の無形民俗文化財に指定されており、「ジャーガマイタ、ジャガマイタ」のかけ声とともに町中を練り歩きます。たくさんの蛇体が登場するという、他の祭りにはない特徴があり、我が国の民間信仰を考えるうえでも貴重なものとなっています。開催の詳細については間々田八幡宮公式HPを確認。,子連れ家族
人気ブランドのショップやレストランのほか、遊具のある遊び場やドッグランやドッグカフェなどもあり、子どもからペット連れまで、家族みんなで楽しめるアウトレットモールです。周辺には 日帰り温泉や宿泊施設、冬には雪遊びができる施設などもあります。,子連れ家族
約50種、500点の動物が見られる体験型サファリパーク。園内用のサファリカーやライオンバス、またはマイカーで園内を回ることができます。加えて、ゾウの背中に乗ってサファリゾーンを散歩する「ゾウライド」などのイベントも開催。また2023年4月1日以降の毎週土曜日は「ナイトサファリ2023」が開催。昼間とは一味違った雰囲気の動物たちの姿が見られます。ナイトサファリ2023の詳細な開催日は公式HPで確認。,子連れ家族
栃木県総合運動公園内にある、入園料無料の遊園地「とちのきファミリーランド」。スリル満点の新幹線E5系「はやぶさ」型ジェットコースターや「スカイシップ」、「雷様ストーム」、家族で楽しめる「空！行け！とちまる号」や「豆汽車」など、14種類のアトラクションが勢揃いしています。週末には大道芸やバルーンショー、マジックショー、さらにはご当地ヒーローの登場など、観覧無料のイベントも豊富。乗り物やイベント、どちらも楽しめる「とちのきファミリーランド」で笑顔いっぱいの一日を過ごしてみてはいかがでしょうか。,子連れ家族
ロックハート城は、中世ヨーロッパの雰囲気を存分に味わうことができるテーマパークです。子どもから大人まで楽しめるショーと、美しい装飾が施された建物が魅力的です。メインのロックハート城は、日本で初めて、英国の古城を移築・復元したもので、敷地内は城を中心に中世ヨーロッパの街並みを再現してあります。500着のドレスを試着できるプリンセス体験館は女性に人気です。またパフォーマンスやショーなども中世にちなんだもので、剣の戦い、炎が燃える、タカが飛び交うなど派手な演出が施されたエンターテインメント性に富んだものです。,子連れ家族
フィンランドの人気キャラクター「ムーミン」をテーマにしたテーマパークです。敷地内には、ムーミン一家の住む「ムーミン谷」を再現した建物や、アトラクション、ショップなどがあり、子どもから大人まで楽しめるスポットです。ムーミンカフェでは、ムーミン谷に登場するフィンランド料理やスイーツが楽しめます。グッズショップには、フィンランドの雑貨やファン必見のアイテムが販売されているので、お土産を探しに行ってみましょう。,子連れ家族
遊園地と動物園、プールが融合した総合レジャーランドです。施設の総面積は関東最大級の広さ。動物公園の展示は、モンキーワールド、キャットワールド、ペンギンの大地、ヒグマの森などさまざまなものがあり、動物のパフォーマンスイベントやエサやりイベント、ふれあい体験なども行われています。遊園地ではスリル満点のジェットコースター「カワセミ」が人気。,子連れ家族
2007年にJR東日本創立20周年記念事業の一環としてオープンした博物館。鉄道の歴史やシステムの変遷、最新技術をジオラマやシミュレーターなどを通して楽しく学べる施設です。鉄道開業150年の節目を迎えた2022年秋には、かつて天皇のお召列車専用機として活躍した「EF58 61」の常設展示がスタートしています。,子連れ家族
園内には、羊やヤギ、馬、牛などの動物たちが飼育され、家族で楽しめるさまざまなアクティビティが用意されています。加えて四季折々の花を楽しんだり、いちご狩りやブルーベリー摘み、さつまいも掘りなどの味覚狩りを楽しむことも。ふれあい体験では動物ショーなどのイベントやマザーファームツアー、エサやり体験、乗馬体験などが楽しめます。さらに四季折々の景観が美しいところも魅力です。春にはチューリップ畑が広がり、夏は新緑に包まれ、秋には紅葉に染まり、冬にはイルミネーションにライトアップされます。ほかにもキャンプやバーベキューなどが楽しめる観光牧場です。,子連れ家族
ドイツの田園生活を体感できるテーマパーク。花と緑のテーマパークでもあり、フラワーガーデンエリアでは四季折々の花々を楽しむことができます。芝桜やバラ、ひまわり等が咲き乱れる景色が特に人気です。観覧車、動物園、マメ汽車、ビアガーデン、ショップなども併設しています。ドイツのグルメが楽しめるレストランや売店が併設されており、ビールやソーセージなどが販売されています。ほかでは冬のウインターイルミネーションも人気です。,子連れ家族
ゾウがメインの体験型動物園。ゾウの飼育頭数は国内最多で、アジアゾウ12頭とアフリカゾウ1頭の計13頭。ゾウのパフォーマンスが人気で、絵をかいたり、サッカーをしたりする「ぞうさんショー」を見ることができます。またゾウにエサをあげたり、背中に乗るイベントも開催。カバやカピバラといったゾウ以外の動物にも間近でエサやり体験をすることもでき、存分にふれあえるのが魅力です。,子連れ家族
"「海の世界との出会い」をコンセプトにした水族館テーマパーク。大規模な施設で、約800種11,000点以上の海の生き物を見ることができます。動物たちのパフォーマンスが人気で、シャチの大ジャンプショーや、イルカのコンビネーションジャンプ、コミカルなアシカショーなどが見られます。また期間限定で、夜の水族館を楽しめる「ナイトアドベンチャー」を開催することがあるので、詳細は公式HPで確認を。",子連れ家族
8つのアトリエとワークショップ室があり、時期によってさまざまな手作り体験ができる施設です。子どもたちが作るよろこびを実感できるほか、童話のキャラクターになりきって演じる楽しさを味わえます。アンデルセン公園のメルヘンな世界にマッチしたかわいい建物も必見です。,子連れ家族
テクノロジーと遊びが一体となった屋内型テーマパーク。体感、探求、思考、創造、交流を通して子どもたちの無限の可能性を追求します。スマホ連携リストバンドを利用すると、各アトラクションでミッション達成するごとに専用通貨「リプラ」を貯めて、「アイテム」と交換可能。人気のボールプールは、プロジェクションマッピングと一体型に進化し、さらに楽しめるアトラクションになりました。さまざまなアトラクションに加えワークショップも開催されているので、1日中楽しめますよ。,子連れ家族
千葉県・睦沢町にある「道の駅むつざわ つどいの郷」は、“ウェルネスと地産地消”をテーマにした施設です。天然温泉やレストランを併設し、「つどいの市場」では新鮮な野菜をはじめ、「むつざわエコ米」や「べっぴんドレッシング」など、ユニークな特産品が豊富に揃います。天然温泉「むつざわ温泉つどいの湯」では、露天風呂や源泉かけ流しの内湯のほか、「ドライサウナ」「ミストサウナ」も完備。食事メニューが充実した休憩室もあり、ゆったりと寛げます。,子連れ家族
園内には、ジェットコースターをはじめとする多彩なアトラクションが揃っています。日本初の立ち乗りループコースターや最大高低差78mのバンデットなどといったスリル満点のアトラクションが人気です。また、ファミリー向けのアトラクションも多数あり、子供から大人まで楽しめる内容になっています。園内には、プールやスケートリンクなどがあり、四季を通じて楽しめます。また園内がライトアップされる「よみうりランドイルミネーション」やバーベキュー場も人気です。,子連れ家族
デジタルとリアルを融合した「デジタリアル」をテーマとした、国内最大級の屋内型テーマパーク。音ゲー（リズムゲーム）の要素を取り入れたコースター「劇音ライブコースター」や6人同時プレイ可能なVRアトラクション「ZERO LATENCY VR」などのアトラクションが20種類以上あります。ゲームエリアには、パチンコやプライズゲームなどといった定番ゲームもあり、子ども連れ家族、カップルでも楽しめるスポットです。,子連れ家族
「江戸前汽船　元祖もんじゃ屋形船」では“エンターテイメントで屋形船のすそ野を広げる”というビジョンのもと、手頃な価格でクルーズを提供しています。東京湾から都会の景色を堪能する「お台場コース」と、展望デッキでスカイツリーをバックに写真が撮れる「隅田川コース」などが人気のプランです。月島もんじゃを含む鉄板焼き食べ放題と、アルコールを含むドリンク飲み放題込みの料金設定なので気軽に楽しめます。,子連れ家族
"屋内型テーマパークで面積は、約39,000平方メートル。約20種類以上のアトラクションがあり、ほのぼの系からスリル満点のコースター系、幼児向けなど家族みんなで楽しめるものが充実している。またアトラクションチケットは有料ですが、入園料が無料のスポットです。",子連れ家族
ハローキティーやマイメロディなどサンリオの人気キャラクターに会える屋内型テーマパークです。本格的なミュージカルや、かわいいパレードはエンターテインメント性が高く、大人から子どもまで楽しめます。またピューロランドオリジナルのハローキティグッズも販売。,子連れ家族
パーク内は、屋内プールのある「アドベンチャードーム」、屋外プールのある「アドベンチャーラグーン」、絶叫系からのんびり系までさまざまなアトラクションをそろえた遊園地の「スリルマウンテン」の3つのゾーンに分かれている。7月～9月（夏季期間）には屋外プールがオープンし、4～6人のりゴムボートに乗って巨大なコースを滑走する最強ウォーターアトラクション「DEKASLA（デカスラ）」や、冒険体験型の屋外プール「アドベンチャーラグーン」なども楽しめるようになる。,子連れ家族
子どもたちが、遊びながら社会の仕組みを学べるテーマパークです。10～14歳までの子供たちが、限りなくリアルに造られた現実社会の約3分2サイズの街で、約90種類の職業を体験することができます。職業は、警察官、消防士、医師、美容師、ニュースキャスター、銀行員などがあります。仕事をするだけでなく、自分でお金を稼いで貯めたり、商品を作って販売することも可能で、社会の仕組みやルールを学ぶことができます。,子連れ家族
赤ちゃんから楽しめるおもちゃの美物館。テーマごとに異なる空間があり、木材を中心としためずらしいおもちゃに触れられるのが魅力です。2022年11月には「グッド・トイ2022」の授賞式が行われ、専用展示室では全ての受賞作品を見ることができます。入館は完全予約制のため、事前に公式ホームページよりチケットの購入が必要です。,子連れ家族
食材・機材・食器をすべて用意してくれるので、手ぶらBBQが叶うのもうれしいポイント。「スタンダードコース」メニューなら、トルティーヤチップス、リングイッサ、フルーツBBQなど、一般的なBBQ食材とは一味違ったものがそろっています。さらに、スタッフ全員が日本BBQ協会認定の「バーベキューインストラクター」なので、本場BBQの楽しみ方や機材の使い方もレクチャーしてくれます。自然のなかで癒やされながら、気軽にBBQを楽しみたいという方は必見です。,子連れ家族
2022年8月、お台場のデックス東京ビーチシーサイドモール5Fにオープンした動物たちとふれあえるテーマパーク「アニミル」。普段出合えない動物たちが出迎えてくれる、ほのぼのとした空間が広がっています。こちらの特長は、野生下で昼に活動する動物は昼間の時間帯に、夜行性動物は夜の時間帯に店舗に登場する「昼夜交代制」を取り入れている点。本来の生活リズムで過ごすことで、動物たちも活き活きと活動できるといいます。そんな展示を行うパーク内は2つのエリアに分かれています。公園をイメージしたパークエリアでは人懐っこい犬や猫が、アドベンチャーエリアではカピバラやアリクイ、ミーアキャットなどがのびのびと生活しています。おやつやり体験から触れ合い体験、フクロウやミミズクが頭上を飛び回る経験やアリクイのご飯を食べる様子の観察など、都会のなかで動物たちとふれあいを楽しみたい方におすすめです。,子連れ家族
水族館や遊園地からショッピングモール、ホテルまである複合型レジャーランドです。水族館は、ドルフィンファンタジーやアクアミュージアムなどテーマ別に「ふれあいラグーン」「アクアミュージアム」「ドルフィン ファンタジー」「うみファーム」の４つに分かれています。海の生き物にふれあえたり、ユニークな視点から生き物を観察できる水槽などが備えられています。遊園地には人気アトラクション「サーフコースター リヴァイアサン」などがあり、一日中楽しめるスポットです。,子連れ家族
自然も感じられる遊園地。観覧車やゴーカートといった乗物から、ドッグフィールド、バーベキュー場、宿泊施設まであり、一年を通じて楽しめます。アスレチックでは高所を渡り歩く「ツリーウォーキング」や、空中を飛ぶ「ジップライン」など。ほかには「フライングスキー」や「キャノピースワー」などの新しいスポーツも体験できます。思い切り体を動かして遊ぶことができるスポットです。,子連れ家族
緑に囲まれた約100haの広大な敷地を持つ公園。子どもたちがのびのびと遊べるテーマパークです。どんぐりの森やあおぞら広場などいくつものゾーンに分かれており、さまざまな遊具が設置されています。またポニーやひつじなどの動物と触れ合えるスペースも設けられています。夏場は、プールや水遊び場があり、豊かな自然を季節ごとに楽しめるスポットです。,子連れ家族
1969年に開館した日本初の屋外型美術館。近代、現代アートを中心に約120点が展示され、年間50万人が来館する人気スポットです。子どもたちが実際に見て触って遊べる体験型アート作品などもあります。レストランやカフェも併設されており、大人もゆっくりと過ごせるでしょう。,子連れ家族
プールで遊び、温泉で癒やされ、アウトドア体験を満喫して、ごちそうを味わい、買い物を堪能、そんなカラフルな体験がひとつにつながっている温泉テーマパークが「箱根小涌園ユネッサン」です。「水着で遊べる温泉 ユネッサン」は流れるプールのほかにワインなどのお風呂も人気。「本格日帰り温泉 森の湯」には絶景の露天風呂や、貸切風呂もあり、のんびりと湯めぐりを楽しめます。,子連れ家族
横浜の人気観光地みなとみらいに立地する遊園地。子どもが楽しめるキッズカーニバル・ゾーンをはじめ、ユニークな乗り物があるブラーノストリート・ゾーン、絶叫系乗り物があるワンダーアミューズ・ゾーンと、子どもから大人まで遊べるスポットです。世界最大級の観覧車は、夜になるとライトアップされ、横浜の夜空を彩ります。,子連れ家族
地球の歴史や生命の多様性が学べる博物館。神奈川の自然を伝えるコーナーなど身近なコンテンツも豊富です。また、箱根にまつわるハイビジョン映像を不定期上映しています。本物の化石展示もあり、みどころ満載です。,子連れ家族
茅ケ崎・鎌倉エリアでは数少ない自然環境に恵まれた市民いこいのスポット。赤ちゃん休憩室や多目的トイレなどが完備されたパークセンターがあります。園内の看板やリーフレットなどをたよりに生き物を調査し、自然を学ぶセルフガイドという楽しみ方も。「風の広場」には子どもに人気のすべり台やトランポリンなどの遊具も完備。レジャーシートやお弁当を持参してピクニックをするご家族連れでにぎわいを見せています。,子連れ家族
緑に囲まれた広大な敷地を持つ公園。子どもたちがのびのびと遊べるテーマパークです。どんぐりの森やあおぞら広場などいくつものゾーンに分かれています。園内は起伏のある地形で、全長67mの吊り橋や芝ソリすべりができる緑のゲレンデなどの大型遊具があるのも魅力的。週末や祝日には、不定期で各種イベントなども開催されています。,子連れ家族
「じゃぶじゃぶ池」や「冒険の森」など子どもが遊べるスポットが点在する広大な公園です。ふれあい広場ではお弁当を持ち込んでピクニックをすることもできます。過去には、近隣の「宮ヶ瀬ダム」とともに紅葉を楽しむ秋のハイキングイベントを数回開催。春には「つつじまつり」が行われるなど四季折々の絶景が楽しめます。,子連れ家族
「神奈川県立観音崎公園」内の「たたら浜園地」に位置する「ビーチパークリビング」は、まるでリビングのように寛げる、お洒落なバーベキュー施設です。すべてのサイトは、たたら浜の美しい海辺を望めるように配置されており、プライベート感あふれる内装が魅力です。贅沢な設えのバーベキューサイトには、海を一望できる「オーシャンビューサイト」、車の横付けが可能な「オートBBQサイト」、ハンモック付きで家族に人気の「ファミリーサイト」、大人数で楽しめる「パーティーサイト」など、さまざまなスタイルが用意されています。,子連れ家族
三重県四日市市にある、ダム周遊コースを利用した公園。桜やツツジが咲き誇る春をはじめ、四季の移り変わりを肌で感じながらサイクリングやランニング、ピクニックなど思い思いに楽しめます。サイクル広場には20種類以上の変り種自転車があり、幼児から大人までご家族みんなで乗車できるタイプも人気です。身長が120cm以上あれば、モトクロス自転車にも乗車でき、専用コースの走行が可能。,子連れ家族
豊かな自然に満ちた伊吹山の麓に位置するスポーツとアクティビティをテーマにした施設。子連れで訪れるなら、ポニーのエサやりや乗車体験ができる「ふれあいパーク」や木目を基調としたデザインがおしゃれな「アスレチックパーク」で遊ぶのがおすすめです。施設内には、キャンプやバーベキューが楽しめるエリアもあります。エリア内には迫力満点の4頭の恐竜のオブジェを設置。恐竜好きの子どもにはたまらないエリアです。区画サイトでは1区画ごとに屋根があり、電源や水道を完備。子連れで訪れご家族でキャンプやバーベキューをするのに便利です。,子連れ家族
京都駅近くの市街地にもかかわらず、広大な芝生を有する梅小路公園内にある水族館。イルカスタジアムでは、梅小路公園の美しい景色を借景に、プールでイルカたちが泳ぐ姿をお楽しみいただけます。約500トンの人工海水からなる「京の海」大水槽は神秘的な海の中を再現。約50種類の生き物が悠々と泳いでおり、なかでもマイワシの群れは圧巻です。イベントも毎日開催され、「大水槽のごはんの時間」では、ここでしか見ることができない、まるで飼育スタッフが魚たちと会話をしながらふれあっている様子を見ることができます。,子連れ家族
京都府京都市右京区太秦にある日本映画の歴史と文化を学ぶことができるテーマパークです。日本映画の製作過程を学べるアトラクションが多く、建造物や庭園など、映画のロケ地となったスポットを見ることができます。衣装や武器なども展示されており、映画製作に欠かせない小道具も見ることができますよ。さらに、撮影現場を見学することもでき、スタジオ内にある「大和大路」という舞台は、多くの時代劇に登場しています。ここでは、カメラや照明機材がセットに組み込まれ、本格的な撮影が行われている様子を見学できます。映画の撮影がどのように進行しているのかを実際に見ることで、映画についてより深く知ることができますね。また、自分自身が映画の主人公になったような撮影体験も人気で、手配師やスタントマンが指導する体験プログラムが用意されています。プログラムによっては、撮影した映像を後日DVDで購入することができるのだとか。,子連れ家族
定員140名と多くの人を収容することができるプラネタリウム。大人と子どもそれぞれに向けた番組を取りそろえ、1日5回の時間ごとに投影しています。科学展示コーナーでは、映像や模型、ゲームなどを駆使し、宇宙についての知識が得られます。屋上には大阪府内随一の大きさを誇る口径60cmの反射望遠鏡を設置。反射望遠鏡のほか、15cm大型双眼鏡なども使って行う天体観測も可能です。,子連れ家族
有機栽培、低農薬の果物や野菜を収穫できる施設。有機肥料を使い栽培された果物は種類が豊富で、みかんや梨、さつまいもなどが季節に応じて収穫ができます。施設内にはミニフィールドアスレチックや釣り堀があり子どもにも人気です。釣り堀は専用の竿を使い、子どもでも簡単に金魚や鯉を釣ることができ楽しめます。,子連れ家族
日本で初めて誕生した本格的な「こどものための博物館」。「こどもの街」を中心に、科学の不思議、世界の文化や遊びとの出会いなど、遊びながら学べる展示物のほか、ものづくり体験などのワークショップも満載です。館内には授乳室やおもらしシャワーなど、小さな子ども連れでも安心して過ごせる設備が充実しています。また、屋内施設のため、雨の日や夏の暑い日、冬の寒い日でも天候に左右されずに遊べ、子連れでのお出かけに最適です。,子連れ家族
大阪城を中心に広がる広大な敷地を持つ、大阪のシンボル的存在の一つです。年間約2000万人の観光客が訪れる人気観光地で、大阪城天守閣や多くの史跡・文化財が点在。歴史と自然が融合した景勝地としても知られています。大阪城公園の中心に位置する「大阪城天守閣」。天守閣は、1598年に豊臣秀吉が築いた大阪城の中心的建造物であり、その後の戦乱や火災により何度も修復されています。現在は、天守閣内には大阪城の歴史や文化、展示がされており、展望台からの景色も絶景です。公園内には、多数のスポーツ施設もあり、ランニングや散歩を楽しむ人たちで賑わっています。また、レンタサイクルもあるため、広大な敷地を楽しく回ることもできますよ。,子連れ家族
「ひらパー」の愛称で親しまれる、大阪府枚方市にある遊園地。園内には、ジェットコースターやアトラクション、プールなどがあり、その規模は関西最大級を誇ります。また、春には「ひらパー春まつり」、夏には「ひらパー夏まつり」などのイベントも開催され、地元の人々や観光客で賑わいます。園内には多くの飲食店もあり、ファーストフード店やカフェ、レストランなど、食事や休憩にも便利。売店も多く、お土産やグッズ購入が楽しめるのも嬉しいですね。,子連れ家族
「ダムパークいばきた」にある「GRAVITATE OSAKA」は、レストランやショップが併設されたアクティビティパークです。ランドマークの「GODA BRIDGE」は、日本最長の約420mの歩行者専用つり橋で、ユニバーサルデザインにより車椅子でも通行可能です。四季折々の絶景と冒険が楽しめます。さらに、公園内には「生保半島さくら広場」や「ドッグラン」、「遊具広場」などの施設もあり、幅広い年齢層が楽しめる穏やかなひとときを過ごせます。,子連れ家族
約15種類のアトラクションがそろい、「SLとうじょう号」や「大観覧車」など0歳の赤ちゃんから乗れるアトラクションも。「わく☆わくコースター」など3歳以上が乗車可能なアトラクションでは、スリルも味わえるので子どもが大いに楽しめます。夏にはスライダーのある大規模なレジャープール「ウォーターパーク アカプルコ」も開場。子連れでの夏のお出かけにも最適なレジャースポットです。,子連れ家族
淡路島の中心付近に位置する、家族で楽しめる大型遊園地です。「ミニチュアワールド」では、「ピサの斜塔」や「タージ・マハル」など世界各国の名所を25分の1のサイズで表現。世界を旅した気分になると人気です。体験型アトラクションには芝すべりやアクアチューブなど、保護者同伴であれば小学生未満の子どもが遊べるアトラクションもあります。ライド型には、0歳から乗れる機関車やメリーゴーランドもあるのでご家族みんなで楽しめるのも魅力です。たっぷり遊んだあとは、レストランやカフェで休憩も可能。また、産直市場で淡路の新鮮な野菜を購入して帰るのもおすすめです。,子連れ家族
「神戸どうぶつ王国」は、兵庫県神戸市にある動物園です。広大な敷地には、さまざまな動物たちが展示されており、家族連れやカップル、学生たちから親しまれています。植物が生い茂る屋内エリアはカピバラなどと間近に出合うことができ、開放的な屋外エリアでは、ラクダに乗ったりペンギンにおやつをあげたりと楽しみ方はさまざま。動物たちのパフォーマンスも充実しており、一番人気のバードショーは感動必至のフライトショーです。生息環境を再現した展示場は柵や檻がなく、すぐ近くで動物たちの姿を見ることができますよ。園内は全天候型で雨の日のお出かけでも安心です。,子連れ家族
兵庫県神戸市北区にある、四季折々の花々やハーブに囲まれた絶景スポットです。また、ハーブに関する展示や体験、レストランも併設されています。園内には、ハーブ園や花壇が広がっており、季節によって異なる花々が咲き誇ります。春にはチューリップやヒヤシンス、夏にはバラやハーブ、秋にはコスモスやサルビアなど、四季を通じて美しい花々が楽しめます。園内には「布引ロープウェイ」もあり、山頂からのパノラマビューを楽しむことができます。なかでも、ハーブ園山頂駅すぐの展望エリアから眺める夜景は圧巻。ぜひご家族で訪れてみてくださいね。,子連れ家族
淡路島牧場では、乳しぼりやバター作り、子牛への授乳体験などを通じて酪農の大切さを学べます。ポニーに乗れる「ポニーのメリーゴーランド」もあり（4歳以上・30kg未満対象）、自然とふれあう体験が充実しています。週末には多くの家族連れでにぎわう人気スポットです。2025年春には、「神戸ビーフ」や「淡路ビーフ」を使用した焼き肉やすき焼きなどを楽しめる全200席のレストランがリニューアルオープン予定で、団体利用も可能です。,子連れ家族
動物とのふれあいができ、遊具で楽しく遊べる施設です。「ふれあい広場」では、のびのびと暮らすやぎや羊の放牧が見られるほか、やぎ・羊のえさやり体験ができます。そのほか、ポニー・馬・乳牛も飼育されており、鶏やうさぎなど小動物の見学ができる小動物舎も。「動物学習館」では動物の生態が学べる展示があるほか、バター作り体験も可能です。展望広場にはローラー滑り台や遊具も設置してあり、子どもが楽しく身体を動かして遊べます。子連れでお出かけできる関西のスポットのなかでも、入園料と駐車場ともに無料なので、日帰りドライブにもおすすめです。,子連れ家族
"奈良市内に位置する、約500haの面積を持つ日本最大級の都市公園。公園内には多くの史跡や名勝、文化財が存在しています。東大寺や春日大社、興福寺といった史跡は「古都奈良の文化財」として世界文化遺産に登録されており、観光客や修学旅行生たちで賑わいを見せています。奈良公園のもう一つの特徴は、シカが自由に生息していること。公園内には約1,200頭のシカが生息しており、奈良公園のシンボルとなっています。餌を与えることができ、外国人観光客からも人気となっています。餌を与える場合は、適切な方法で行うようご注意を。",子連れ家族
昔の子どもたちが遊んだ「裏山」をイメージして作られた公園です。森の散策や木の実、枝などを使ったごっこ遊びができる、自然の中でのびのびと遊べるエリアが設けられています。幅広い年齢の子どもが遊べる遊具エリアではミニアスレチックが楽しめ、ネットが張りめぐらされた遊具やボール型ブランコなど、興味をそそる遊具が豊富です。主に土日祝には、クイズやビンゴゲーム、クラフト体験などのイベントも開催されています。,子連れ家族
日本で最初に指定された海中公園（現海域公園）。2005年には貴重な湿地であるとして、「ラムサール条約」にも登録されました。あたたかい黒潮の影響を受けた串本の海には、世界最北のテーブルサンゴ（クシハダミドリイシ）の大群落をはじめ、カラフルな熱帯性の生きものたちが生息。すばらしい海中景観をつくり出しています。水族館前の沖合には、水深6.3mまで降りることができる「海中展望塔」が。海の中にいるような気分を味わえるスポットです。,子連れ家族
熱海港から30分ほどで着く、初島の東側に位置するアイランドリゾート。亜熱帯植物に囲まれた宿泊施設「アイランドヴィラ」にのんびり泊まりながら、自然を満喫するデートはいかが？もちろん日帰りでも楽しめる施設が充実。数百種類の南国植物に囲まれたアジアンガーデン「R-Asia」、大自然の中で冒険できる初島アドベンチャー「SARUTOBI」、大海原を望み、海のミネラル分が溶け込んだ海泉浴「島の湯」、夏季限定、海水をくみ上げた「海のプール」を行う複合施設などが揃っています。,恋人
英虞湾（あごわん）の絶景を望む緑豊かなロケーションにあり、地中海の街並みを再現した、滞在＆体験型のリゾート「志摩地中海村」。光り輝く太陽と穏やかな海に恵まれ、南ヨーロッパ風のロケーションを楽しめる約1万平米の敷地は、すべてが写真撮影スポットとして最適です。穏やかな英虞湾のデイクルージング、サンセットクルージングはもちろん、桟橋フィッシング、エキゾチックなアラビックスタイルの天然温泉、地中海料理のランチ・ディナーを味わえるレストランなど、海外リゾートに遊びに来たような感覚に。クラフト工房やセレクトショップ、カフェなどを日帰りで楽しんだら、次は宿泊して魅力をゆっくり堪能するのもいいですね。,恋人
春は菜の花、夏はひまわり、秋はコスモスの花が咲き誇る「季節の花畑」があり、どのシーズンに訪れても写真映えが抜群の牧場。ヤギ、ヒツジ、ウサギ、モルモット、ニワトリなどの動物ともふれあえ、乗馬クラブの体験レッスンなどもあります。また、牧場の楽しみといえば、自家製の乳製品やスイーツ！アイスクリームやプリンが特に好評で、ノンホモ牛乳や乳製品などのおみやげも販売しています。バーベキューガーデンを事前に予約して、自然の中での食事を満喫するのもいいですね。,恋人
伊勢湾に面する焼き物のまち・常滑。レンガ造りの煙突や黒壁塀の工場、土管や焼酎瓶が積まれた坂道など、独特の風景を見ることができます。なかでも土管坂はイチオシのフォトスポット。明治時代の土管と昭和初期の焼酎瓶に覆われた壁、土管の焼台が埋め込まれた道と、他にはないような不思議な光景を楽しめます。他にも陶芸体験ができる施設や土管工場を改装したカフェやギャラリーなども点在するので、散策にぴったり。ノスタルジックな町並み,恋人
日間賀島は「名古屋にいちばん近い離島」として知られ、知多半島の先端・師崎から高速船でわずか10分と、身近な島旅を楽しむのにうってつけの距離。ほのぼのとした島の時に身をまかせ、ふたりでのんびりと過ごせます。海を望む丘には可愛いブランコがあり,恋人
日本の原風景ともいうべき美しい景観をなすこの合掌造り集落が評価され、1976年に重要伝統的建造物群保存地区として選定。さらに1995年には、五箇山（富山県）と共に白川郷・五箇山の合掌造り集落として、ユネスコの世界遺産（文化遺産）に登録されました。今も実生活の場として使われており、日本の原風景である農村文化・生活・暮らしを深く感じることができる「日本の故郷」のような場所。見学だけでなく、旅館・民泊やお食事処、温泉も趣たっぷり！この土地ならではの、ほっこりとした安らぎの時間を過ごしてくださいね。,恋人
しっとりした風情を楽しむなら、飛騨高山の歴史と文化の町並みを守り続ける三町伝統的建造物群保存地区へ。ここは城下町の中心で、「古い町並」の南側を構成している地区です。商人の町として発達した上三之町を中心に、江戸時代後期から明治時代にかけての町家建築が並んでいます。昔ながらの景観を維持するために、電線をすべて軒下配線にするなど、徹底した保護を続けています。また、通りには造り酒屋、伝統的工芸品店、土産物店、カフェなどが並び、地酒や朴葉味噌など、飛騨高山ならではの名産品を購入できますよ。,恋人
江戸時代「せめて一生に一度でも」と全国から多くの旅人が訪れたお伊勢参り。伊勢の人々は自分の施しが神様に届きますようにと、「おかげさまの心」で「施行」と呼ばれる振る舞いを行い、物・心の両面から旅人を支え、温かく迎えたそう。約4000坪の敷地内に三重の老舗の味、名産品、歴史、風習、人情までもが集まり、伊勢路の魅力を一度に体感できる町です。雨風の強い伊勢ならではの外壁の仕上げ「きざみ囲い」や、栂（トガ）材を使った建築など、地域性が見られる建物をじっくりと眺めても面白そうですね。,恋人
大正天皇（当時皇太子）の静養先として造営され、明治、大正、昭和の三時代の皇族に愛された施設。当時実際に使われていた西附属邸の観覧ができます。さらに造営当時にドイツから輸入した、ゆらぎのある「すりガラス」や調度品など歴史的にも貴重な数々の品が保存されています。庭も手入れが行き届き、黒松越しに富士山を望むことができる「富士見ポイント」や、初春の梅園や初夏の紫陽花など、四季の彩りを映す花々と合わせたお茶席の催しも開催。浮世絵にも登場し、約400年以上の歴史を持つ「沼津垣」や圧倒的な存在感を誇る黒松などから時の流れを感じられます。敷地内には「おみやげ処」や「喫茶 主馬」があります。おみやげ処では沼津御用邸でしか購入できない限定品、地元ならではの商品を購入できます。喫茶室の主馬は、明治を留める馬屋となっており、富士山をイメージした『富士山キーマカレー』や、明治時代のレシピを元に生まれた『御用邸カリー』がおすすめ。また、地元の貴重で歴史ある柑橘「へだたちばな」をふんだんに使用した『へだたちばな羊羹』やお抹茶、季節限定商品も楽しめますよ。,恋人
渥美半島の最先端に建つ白亜の灯台「伊良湖岬灯台」と、その「伊良湖岬灯台」から太平洋に面して日出（ひい）の石門まで約1km続く砂浜「恋路ヶ浜」。目の前に広がる青い海と白い灯台のコントラストも印象的で、夕焼け空に染まるサンセットタイムもまたロマンチック！どちらも恋人の聖地として評判のスポットです。幸せの鐘を鳴らしたら、すぐ近くにある幸せの四葉のクローバーを見つけてみては。美しい砂浜沿いに伊良湖岬灯台まで歩くこともできる,恋人
伊良湖岬灯台から太平洋沿い、日出の石門まで約1km。白く美しい砂浜が広がる。「名も知らぬ　遠き島より流れよる　椰子の実ひとつ」という、島崎藤村の叙情詩の舞台でも有名。この詩を再現したイベントをもとに、「願いのかなう鍵」が誕生したそうですよ。他にも「幸せの鐘」や「幸せの四つ葉のクローバー発祥の地」もあるので、海辺の美しい景色とあわせて恋愛スポット巡りを楽しんでみてください,恋人
金華山展望台は、金華山ロープウェー山頂駅から岐阜城に向かう途中にある絶景スポットです。広々とした濃尾平野はもちろん、岐阜市内の街並みや伊吹山、恵那山、養老･鈴鹿山脈などの山々を見渡せ、天気が良く空気が澄んだ日であれば伊勢湾や名古屋のビル群まで一望できます。ロープウェーに乗ったら展望レストランの屋上にある、金華山展望台にも立ち寄ってみてください。景色とグルメを楽しみながらひと息いれるのもおすすめですよ。また、期間限定で夜間開放も行われています。,恋人
5月～7月は日の出、10月～1月は月の出と、岩の間から出る朝日や月の絶景を見に行くのもおすすめ！夜間はライトアップされた幻想的な姿を見ることもできます。また、岩のある二見浦海岸には二見興玉神社が鎮座し、古くからお伊勢参りの前にこの神社を参拝して穢れを落とすのが正式な作法と言われています。伊勢神宮へ行く前に二見興玉神社とともに夫婦岩を訪れてみては。,恋人
駐車場のある岬ステラハウスから岬の先端にある展望デッキまで、アップダウンのある遊歩道とボードウォークが続いています。15分ほどかけて歩いた先に広がる絶景は見事！晴れた日には駿河湾越しに御前崎から富士山までパノラマで見渡せます。展望デッキがある。さらに、伊豆産の卵の黄身と生乳を使った、濃厚でなめらかな「君だけプリン」も販売しています。キュートなたまご型の発泡スチロールに入ったお土産用もおすすめですよ。,恋人
広大な太平洋を望む御前埼灯台は、地球の大きさを実感できます。静岡県の最南端に位置する岬に建っており、航行する船の目印になっています。明治7年からというので、もう150年近くこの場所で船と海を見守っていることになります。灯台の周りには、ゆっくり腰かけてくつろげる広場もあります。風が強い日は、帽子などが飛ばされるほどの強風の時もありますので注意してください。駐車場もありますが、JR静岡駅からバスを乗り継いで行くこともできます。,子連れ家族
"富士山のふもとにある、富士山本宮浅間大社は、関東・中部地方を中心に全国1,300ある浅間神社の総本宮です。静岡県富士宮から山梨県甲府を結ぶローカル線・JR身延線富士宮駅から徒歩約10分ほどの場所に位置しています。山岳信仰が根強く、ご神体は富士山そのもの。広い敷地内に伽藍、社殿が点在し、天然記念物の湧玉池、川も流れています。開運厄除け、子どもの健やかな成長なども祈願してみましょう。天気が良ければ富士山も見えます。また、各方面に鳥居があり、「富士山世界遺産センター」には一の鳥居が建っています。",子連れ家族
御殿場高原の時之栖は宿泊施設やテーマパーク、レストランや天然温泉も併設する、“癒し”と“遊び”が融合した大型のリゾート施設です。遊具施設やスポーツ施設もあり、セグウェイ体験などもできます。天然温泉には、富士山を望む露天風呂や死海の塩風呂など多種多様なお湯が楽しめます。駐車場が広く、車が便利ですが、最寄り駅や新幹線の三島駅から無料シャトルバスも出ています。,子連れ家族
静岡県東部と愛知県西部のエリアなら知らない人はいない遊園地が「浜名湖パルパル」です。浜松市の浜名湖は愛知県との県境にあり、小さなお子さんなら一度行くと何度も行きたくなるといいます。テレビアニメで有名なやなせたかしさんデザインのキャラクターたちが遊んでくれて、およそ30種類の小さい子供向けのアトラクションがそろっています。,子連れ家族
浜名湖と太平洋を見晴るかす大草山山頂へ登るかんざんじロープウエーは、日本でここだけの、湖の上空をわたるロープウエー。頂上からは、浜名湖とその先の太平洋を大パノラマで見渡せる絶景です。浜名湖パルパルの遊園地から登っていますので、このロープウエーも含めて1日楽しめる計画を立ててみては。,子連れ家族
富士山麓の朝霧高原にある「まかいの牧場」は、美しい自然と牧場体験が楽しめるスポットです。乗馬や牛の乳搾り体験など楽しみながら動物と触れ合えます。バター作りやアイスクリーム作りなどの食のイベントや、電動自転車「E-BIKE」や四輪ATV「バギー」などの乗り物に関する体験のイベントなども開催。ほかでは、アルプスの少女の気分になれる「ハイジのブランコ」などのアスレチックや、グランピングが併設。,子連れ家族
富士山2合目にあるスキー場で、気軽にスノーボード、スキー、チュービングやスノーモービル、スノーシューなどのウインタースポーツが楽しめます。週末にはファミリーで楽しめるイベントが目白押し。ゲレンデは上級から初級までと多彩で子供たち専用のスノーパークも併設されており、家族で雪遊びを楽しむことができます。首都圏発の直行ライナーバスもあるので、冬の運転に不安がある方はこちらを利用してみましょう。,子連れ家族
標高850mに位置する富士山麓の自然林を生かした、国内初の森林型自然動物公園。マイカーやバスで、シマウマやキリン、ライオン、トラなどの野生動物たちを間近で観察できるサファリゾーンが目玉です。また、サファリゾーン外周にある2.5kmの林間コースを散歩しながら「ライオンにエサあげ」体験ができる「ウォーキングサファリ」や、雨の日に活動が活発になる動物たちも紹介しており、さまざまなかたちで動物を観察できるスポットです。,子連れ家族
今も現役でSL（蒸気機関車）が運行する大井川鐵道。茶畑や川の流れが広がる風景の中、煙を吐きながら走るSLの姿はどこか懐かしく、そして勇壮です。子どもと一緒にSLを初体験してみましょう。,子連れ家族
沼津港遊覧クルーズは、沼津港大型展望水門「びゅうお」をくぐり、富士山を眺めながら駿河湾を遊覧する周遊約30分の人気のプランです。設備全体の重量“日本一”（2024年6月現在）の水門「びゅうお」をくぐり、高さ“日本一”の富士山を眺めながら、水深“日本一”の駿河湾の上を進み、3つの“日本一”を同時に楽しめるのが沼津港遊覧クルーズの醍醐味です。船上から沼津市の景観も楽しめます。,子連れ家族
下田湾の自然の入り江を利用した、見るだけでなくさまざまな体験が可能な「下田海中水族館」。イルカを間近で楽しめる観覧席で、迫力あるイルカショーや触れ合い体験ができると好評です。ほかにもアシカやアザラシのショー、コツメカワウソへの餌やりなど、動物が身近に感じられる体験プログラムが目白押し,子連れ家族
以前まで「ナゴヤドーム」と呼ばれていた、中日ドラゴンズのホーム球場です。東海エリアにはドラゴンズファンが多いことはいうまでもありませんが、ゲームがある時はたくさんのファンが応援に押し寄せます。ドラゴンズのオリジナルグッズが多彩にそろうショップや、パネル展示や体験コーナーなどでドラゴンズに親しめる「ドラゴンズワールド」などが併設。東区の大曽根から近く、地下鉄の「ナゴヤドーム前矢田」からすぐです。市街地のため電車がおすすめです。,子連れ家族
シャチ、ベルーガ、ペンギンなど世界中の海の生き物が観察できる「名古屋港水族館」は、名古屋市の南、名古屋港近くにあります。北館ではイルカのパフォーマンス、シャチやベルーガのトレーニングが楽しめて、南館では日本から赤道までの5つの水域の生物が展示されており、大水槽やペンギンのエサやりの様子を見ることができます。,子連れ家族
愛知牧場では、乳牛や馬、やぎなどを放牧しています。広い草原牧場なので、歩いているだけでも爽快な気分になれます。搾りたてのミルクを使った牛乳や、多彩な味が楽しめるジェラートが人気です。土・日曜、祝日には、乳搾りや引き馬などの牧場体験イベントを開催。ほかにバーベキュー場、18ホールの本格的なパターゴルフコース、巨大迷路などの施設もあます。春夏秋冬ごとにさまざまな花が咲く景観も美しいスポットです。,子連れ家族
"名古屋市の代表的な動植物園です。アジアゾウ、キリン、ライオンなど、約450種の動物を展示しています。日本で初めてコアラを飼育したことでも有名ですが、話題はニシローランドゴリラのイケメン「シャバーニ」です。植物園では、約7,000種の植物を展示しており、春の桜や秋の紅葉など四季折々の風景を楽しめます。ほかには遊園地、東山スカイタワーもあり、ボリューム満点のスポットです。",子連れ家族
蒲郡市の海辺にあり、海の上の橋をわたって行ける竹島のすぐ近くの水族館です。深海に住む世界最大のカニ、タカアシガニなどの珍しい海水魚、淡水魚、熱帯魚など、約500種、4500点の魚介類を展示している、深海生物では日本有数の水族館です。なかでも、アシカショーは子どもたちに人気です。,子連れ家族
名古屋市にはランドマーク的なタワーが2棟あり、一つは栄のテレビ塔です。もう一つが東山スカイタワーです。名古屋市制100周年記念で建設された、134ｍのタワーです。名古屋市街地を一望でき、晴れた日は三重県と岐阜県との県境の鈴鹿山脈まで眺望できます。最上階のスカイレストランでは景色を見ながら食事ができます。,子連れ家族
愛知県北部の犬山市にある博物館・明治村は、明治時代の建造物を移築・保存・展示しています。監獄、教会、学校、郵便局、病院など60以上の建物があります。なかでも初代の帝国ホテルは、豪華な中にレトロ感が漂っています。明治時代のお菓子やグルメも味わえて、今からおよそ150年前の日本へタイムスリップした感覚も味わえます。,子連れ家族
イチゴ狩り、メロン狩りや野菜収穫体験で人気の農園です。“笑顔を運び、身近に農業を感じてもらいたい”との思いが詰まっており、子どもから高齢者まで楽しめます。イチゴ狩りは、大小合わせて約10個のハウスで展開。併設されているカフェでは、採れたてのフレッシュなフルーツを使ったメニューを提供しており、凍らせたイチゴの果実をそのまま削って旨味をギュッと閉じこめた「果実氷いちご」は絶品のスイーツです。産直野菜やお土産の販売もあります。,子連れ家族
愛知県にある「ラグーナテンボス ラグナシア」は、世界中から集められた美しい花々や、季節に合わせたイベント、アトラクションが楽しめる大型テーマパークです。伝説の港町をモチーフにしている街並みが特徴で、多彩なアトラクションやエンターテインメントショーを一年中楽しむことができます。ダンスショーや花火、ナイトプール、ハロウィンイベント、クリスマスイルミネーションなどを開催。さらに、ジェットコースター、観覧車などの乗り物やアスレチックなどのアトラクションも盛りだくさんです。,子連れ家族
"かつて安城市が「日本のデンマーク」と呼ばれていた歴史にちなんで誕生した公園。一年を通して、約3,300種30万株もの四季の花々が咲き、デンマークのような風車のある景色を楽しめます。それらの花と緑に囲まれた約2.5kmのウォーキングコースもあります。ほかにも、地元グルメやアスレチックなどの遊具が充実したスポットです。",子連れ家族
"世界各国から移築・復元された家屋を見て歩きながら、建物内では国ごとの伝統的な暮らしや文化が体感できるテーマパークです。約6,000点の民族資料を見学できるほか、民族衣装体験や、世界のグルメを味わえる店、世界の雑貨が買える店など、世界旅行気分が楽しめます。民族舞踏や音楽にふれる体験イベントもありますので、参加してみましょう。",子連れ家族
トヨタ車の歴史とともに、自動車の誕生から現在までの歴史や文化を学べる博物館。国内外の車両合わせて約140台を展示し、館内は階を上るごとに歴史が進む展示方式になっています。黎明期のフロアーには世界初の実用的なガソリン車のレプリカや、蒸気自動車、電気自動車といった車両も展示。また隣接する「クルマ文化資料室」には本、絵画、玩具などの車に関するものが並べられ、懐かしいミニカーやプラモデルが見つかるかも。また企画展や黎明期のクルマを走行させるイベントなども開催。,子連れ家族
1年を通して季節の花々に満ちたテーマパークです。春の梅の花から、チューリップ、ネモフィラ、ダリア、コスモスなど、季節に応じた多彩な花々が迎えてくれます。温室の「ベゴニアガーデン」は通年で楽しめます。温泉や足湯、レストランなども揃い、一日たっぷり過ごせます。夜の部のライトアップも人気です。,子連れ家族
"三重県南部の伊勢湾を望む鳥羽水族館は、日本一という約1,200種の水の生き物を飼育しています。ラッコやスナメリなど哺乳類が多く、日本では珍しいジュゴンにあえる水族館です。ほかには愛らしい姿を見せるラッコや、アシカのショーやセイウチのふれあいが人気です。",子連れ家族
東海エリア定番の大型遊園地といえば、このナガシマスパーランドです。三重県の桑名市ですが、愛知県に隣接していますので、名古屋市からも遠くありません。木造のジェットコースターなどスリルあるアトラクションに、子供向けのアトラクションが豊富な「キッズタウン」も。アウトレットパークや温泉もあり、遊び応え十分です。,子連れ家族
冒険・発見・体験がテーマの鈴鹿サーキットの屋外プールです。沢登りや滝のカーテンなど、自然をテーマに8種類の水遊びポイントがある「アドベンチャーマウンテン」や、波の上でアスレチックを楽しめる「アドベンチャーウェーブ」など、子どもの好奇心をかきたてる水の仕掛けが盛りだくさん。水深15cmの浅瀬のプールもあり、水遊び用おむつでの遊泳ができるので、プールデビューの子どもも安心して利用できます。,子連れ家族
夫婦円満のトド夫婦が見せる迫力満点のショーや、カワウソ界のトップアイドルとの握手会など、思わず驚きから笑顔になる「柵なしで動物とのふれあいが体験できる」水族館です。柵なしの「距離感ゼロ」のイベントやショー、ふれあい体験などを毎日開催しています。,子連れ家族
スペインムードあふれる建物や庭園に彩られたテーマパークです。パレード、ショー、ミュージカル、フラメンコ、レストラン、ショップ、ホテルなどは、カラフルなスペイン色に染まっています。ジェットコースターなどのアトラクションのある遊園地施設もあり、家族連れで楽しめるスポットです。,子連れ家族
